{
    "condition": "any_of",
    "terms": [
        {
            "condition": "entity_scores",
            "entity": "this",
            "scores": {
                "ne_mined.oak_log": {
                    "min": 1
                }
            }
        },
        {
            "condition": "entity_scores",
            "entity": "this",
            "scores": {
                "ne_mined.birch_log": {
                    "min": 1
                }
            }
        },
        {
            "condition": "entity_scores",
            "entity": "this",
            "scores": {
                "ne_mined.acacia_log": {
                    "min": 1
                }
            }
        },
        {
            "condition": "entity_scores",
            "entity": "this",
            "scores": {
                "ne_mined.cherry_log": {
                    "min": 1
                }
            }
        },
        {
            "condition": "entity_scores",
            "entity": "this",
            "scores": {
                "ne_mined.jungle_log": {
                    "min": 1
                }
            }
        },
        {
            "condition": "entity_scores",
            "entity": "this",
            "scores": {
                "ne_mined.spruce_log": {
                    "min": 1
                }
            }
        },
        {
            "condition": "entity_scores",
            "entity": "this",
            "scores": {
                "ne_mined.dark_oak_log": {
                    "min": 1
                }
            }
        },
        {
            "condition": "entity_scores",
            "entity": "this",
            "scores": {
                "ne_mined.mangrove_log": {
                    "min": 1
                }
            }
        },
        {
            "condition": "entity_scores",
            "entity": "this",
            "scores": {
                "ne_mined.warped_stem": {
                    "min": 1
                }
            }
        },
        {
            "condition": "entity_scores",
            "entity": "this",
            "scores": {
                "ne_mined.crimson_stem": {
                    "min": 1
                }
            }
        },
        {
            "condition": "entity_scores",
            "entity": "this",
            "scores": {
                "ne_mined.pale_oak_log": {
                    "min": 1
                }
            }
        }
    ]
}