{
    "criteria": {
        "durability_change": {
            "trigger": "item_durability_changed",
            "conditions": {
                "durability":{
                    "max": 0
                },
                "item": {
                    "items": "#leg_armor",
                    "predicates": {
                        "enchantments": [
                            {
                                "enchantments": "nel:nirvana"
                            }
                        ]
                    }
                }
            }
        }
    },
    "rewards": {
        "function": "nel:effects/nirvana/legs"
    }
}