{
    "criteria": {
        "durability_change": {
            "trigger": "item_durability_changed",
            "conditions": {
                "item": {
                    "items": "#minecraft:enchantable/mining",
                    "predicates": {
                        "attribute_modifiers": {
                            "modifiers": {
                                "contains": [
                                    {
                                        "id": "nel:enchantment.polishing",
                                        "amount": {
                                            "min": 1
                                        }
                                    }
                                ]
                            }
                        }
                    }
                },
                "player": {
                    "equipment": {
                        "offhand": {
                            "predicates": {
                                "attribute_modifiers": {
                                    "modifiers": {
                                        "contains": [
                                            {
                                                "id": "nel:enchantment.polishing",
                                                "amount": {
                                                    "min": 1
                                                }
                                            }
                                        ]
                                    }
                                }
                            }
                        }
                    }
                }
            }
        }
    },
    "rewards": {
        "function": "nel:effects/polishing/remove_effect_offhand"
    }
}