{
    "criteria": {
        "durability_change": {
            "trigger": "item_durability_changed",
            "conditions": {
                "item": {
                    "items": "#minecraft:enchantable/mining",
                    "predicates": {
                        "enchantments": [
                            {
                                "enchantments": "nel:polishing"
                            }
                        ]
                    }
                }
            }
        }
    },
    "rewards": {
        "function": "nel:effects/polishing/schedule_effect"
    }
}