{
    "criteria": {
        "charging_bow":{
            "trigger": "using_item",
            "conditions": {
                "item": {
                    "items": "bow",
                    "predicates": {
                        "enchantments": [
                            {
                                "enchantments": "nel:supercharged",
                                "levels": {
                                    "min": 3,
                                    "max": 3
                                }
                            }
                        ]
                    }
                }
            }
        }
    },
    "rewards": {
        "function": "nel:effects/supercharged/charge_bow_3"
    }
}