{
  "type": "minecraft:archaeology",
  "pools": [
    {
      "bonus_rolls": 0.0,
      "conditions": [
        {
            "condition": "entity_properties",
            "predicate": {
              "equipment": {
                "mainhand": {
                  "predicates": {
                    "enchantments": [
                      {
                        "enchantments": "nel:archaeology",
                        "levels": {
                          "min": 1
                        }
                      }
                    ]
                  }
                }
              }
            },
            "entity": "this"
        }
      ],
      "entries": [
        {
          "type": "minecraft:item",
          "name": "minecraft:archer_pottery_sherd",
          "weight": 3
        },
        {
          "type": "minecraft:item",
          "name": "minecraft:miner_pottery_sherd",
          "weight": 3
        },
        {
          "type": "minecraft:item",
          "name": "minecraft:prize_pottery_sherd",
          "weight": 3
        },
        {
          "type": "minecraft:item",
          "name": "minecraft:skull_pottery_sherd",
          "weight": 3
        },
        {
          "type": "minecraft:item",
          "name": "minecraft:diamond"
        },
        {
          "type": "minecraft:item",
          "name": "minecraft:tnt"
        },
        {
          "type": "minecraft:item",
          "name": "minecraft:gunpowder"
        },
        {
          "type": "minecraft:item",
          "name": "minecraft:emerald"
        }
      ],
      "rolls": 1.0
    },
    {
      "bonus_rolls": 0.0,
      "entries": [
        {
          "type": "minecraft:item",
          "name": "minecraft:archer_pottery_sherd"
        },
        {
          "type": "minecraft:item",
          "name": "minecraft:miner_pottery_sherd"
        },
        {
          "type": "minecraft:item",
          "name": "minecraft:prize_pottery_sherd"
        },
        {
          "type": "minecraft:item",
          "name": "minecraft:skull_pottery_sherd"
        },
        {
          "type": "minecraft:item",
          "name": "minecraft:diamond"
        },
        {
          "type": "minecraft:item",
          "name": "minecraft:tnt"
        },
        {
          "type": "minecraft:item",
          "name": "minecraft:gunpowder"
        },
        {
          "type": "minecraft:item",
          "name": "minecraft:emerald"
        }
      ],
      "rolls": 1.0
    }
  ],
  "random_sequence": "minecraft:archaeology/desert_pyramid"
}