{
    "pools": [
        {
            "rolls": 1.0,
            "entries": [
                {
                    "type": "item",
                    "name": "diamond",
                    "weight": 2
                },
                {
                    "type": "item",
                    "name": "emerald",
                    "weight": 2
                },
                {
                    "type": "item",
                    "name": "coal",
                    "weight": 10
                },
                {
                    "type": "item",
                    "name": "raw_iron",
                    "weight": 10
                },
                {
                    "type": "item",
                    "name": "raw_copper",
                    "weight": 10
                },
                {
                    "type": "item",
                    "name": "redstone",
                    "weight": 5
                },
                {
                    "type": "item",
                    "name": "raw_gold",
                    "weight": 5
                },
                {
                    "type": "item",
                    "name": "lapis_lazuli",
                    "weight": 5
                }
            ],
            "conditions": [
                {
                    "condition": "random_chance",
                    "chance": 0.5
                }
            ]
        }
    ],
    "type": "block",
    "functions": [
        {
            "function": "apply_bonus",
            "formula": "binomial_with_bonus_count",
            "parameters": {
                "extra": 0,
                "probability": 0.5
            },
            "enchantment": "nel:mineralogy"
        },
        {
            "function": "set_count",
            "add": true,
            "count": -1
        }
    ]
}