{
  "anvil_cost": 1,
  "description": {
    "translate": "ne.enchantments.armored",
    "fallback": "装甲"
  },
  "exclusive_set": "nel:vitality",
  "effects": {
    "minecraft:attributes": [
      {
        "amount": {
          "type": "linear",
          "base": 1,
          "per_level_above_first": 1
        },
        "attribute": "minecraft:armor",
        "id": "ne:enchantment.armored",
        "operation": "add_value"
      }
    ]
  },
  "max_cost": {
    "base": 61,
    "per_level_above_first": 10
  },
  "max_level": 5,
  "min_cost": {
    "base": 11,
    "per_level_above_first": 10
  },
  "slots": [
    "armor"
  ],
  "supported_items": "#minecraft:enchantable/equippable",
  "weight": 1
}