{
  "anvil_cost": 8,
  "description": {
    "translate": "ne.enchantments.brisk_walking",
    "fallback": "健步"
  },
  "exclusive_set": [
    "frost_walker",
    "soul_speed"
  ],
  "effects": {
    "minecraft:attributes": [
      {
        "amount": {
          "type": "linear",
          "base": 1,
          "per_level_above_first": 1
        },
        "attribute": "minecraft:movement_efficiency",
        "id": "ne:enchantment.brisk_walking",
        "operation": "add_value"
      }
    ]
  },
  "max_cost": {
    "base": 83,
    "per_level_above_first": 0
  },
  "max_level": 1,
  "min_cost": {
    "base": 33,
    "per_level_above_first": 0
  },
  "slots": [
    "armor"
  ],
  "supported_items": "#minecraft:enchantable/foot_armor",
  "weight": 1
}