{
  "anvil_cost": 2,
  "description": {
    "translate": "ne.enchantments.devotion",
    "fallback": "专注"
  },
  "exclusive_set": "minecraft:quick_charge",
  "effects": {
    "projectile_spawned": [
      {
        "effect": {
          "type": "run_function",
          "function": "nel:effects/devotion/levelup_trigger"
        }
      }
    ],
    "tick": [
      {
        "effect": {
          "type": "run_function",
          "function": "nel:effects/devotion/decay"
        },
        "requirements": {
          "condition": "all_of",
          "terms": [
            {
              "condition": "entity_scores",
              "entity": "this",
              "scores": {
                "ne_decay.devotion": {
                  "min": 0
                }
              }
            },
            {
              "condition": "value_check",
              "range": {
                "min": 2
              },
              "value": {
                "type": "enchantment_level",
                "amount": {
                  "type": "linear",
                  "base": 1,
                  "per_level_above_first": 1
                }
              }
            }
          ]
        }
      }
    ],
    "minecraft:crossbow_charge_time": {
      "type": "minecraft:add",
      "value": {
        "type": "minecraft:linear",
        "base": 0,
        "per_level_above_first": -0.2
      }
    },
    "minecraft:crossbow_charging_sounds": [
      {
        "end": "minecraft:item.crossbow.loading_end",
        "start": "minecraft:item.crossbow.quick_charge_1"
      },
      {
        "end": "minecraft:item.crossbow.loading_end",
        "start": "minecraft:item.crossbow.quick_charge_1"
      },
      {
        "end": "minecraft:item.crossbow.loading_end",
        "start": "minecraft:item.crossbow.quick_charge_2"
      },
      {
        "end": "minecraft:item.crossbow.loading_end",
        "start": "minecraft:item.crossbow.quick_charge_2"
      },
      {
        "end": "minecraft:item.crossbow.loading_end",
        "start": "minecraft:item.crossbow.quick_charge_3"
      },
      {
        "end": "minecraft:item.crossbow.loading_end",
        "start": "minecraft:item.crossbow.quick_charge_3"
      }
    ]
  },
  "max_cost": {
    "base": 50,
    "per_level_above_first": 0
  },
  "max_level": 1,
  "min_cost": {
    "base": 12,
    "per_level_above_first": 20
  },
  "slots": [
    "mainhand",
    "offhand"
  ],
  "supported_items": "#minecraft:enchantable/crossbow",
  "weight": 5
}