{
  "anvil_cost": 1,
  "description": {
    "translate": "ne.enchantments.giant_sword",
    "fallback": "巨剑"
  },
  "exclusive_set": "nel:swift_blade",
  "effects": {
    "minecraft:attributes": [
      {
        "amount": {
          "type": "linear",
          "base": 0.3,
          "per_level_above_first": 0.3
        },
        "attribute": "minecraft:entity_interaction_range",
        "id": "ne:enchantment.giant_sword",
        "operation": "add_value"
      }
    ]
  },
  "max_cost": {
    "base": 61,
    "per_level_above_first": 10
  },
  "max_level": 5,
  "min_cost": {
    "base": 11,
    "per_level_above_first": 10
  },
  "slots": [
    "mainhand"
  ],
  "supported_items": "#minecraft:enchantable/sword",
  "weight": 2
}