{
  "anvil_cost": 1,
  "description": {
    "translate": "ne.enchantments.intellect",
    "fallback": "智识"
  },
  "effects": {
    "minecraft:tick": [
      {
        "effect": {
          "type": "apply_mob_effect",
          "to_apply": "hero_of_the_village",
          "max_amplifier": {
            "type": "linear",
            "base": 0,
            "per_level_above_first": 1
          },
          "min_amplifier": {
            "type": "linear",
            "base": 0,
            "per_level_above_first": 1
          },
          "min_duration": 10.1,
          "max_duration": 10.1
        }
      }
    ],
    "minecraft:mob_experience": [
      {
        "effect": {
          "type": "add",
          "value": {
            "type": "linear",
            "base": 1,
            "per_level_above_first": 1
          }
        }
      }
    ]
  },
  "max_cost": {
    "base": 63,
    "per_level_above_first": 8
  },
  "max_level": 3,
  "min_cost": {
    "base": 23,
    "per_level_above_first": 8
  },
  "slots": [
    "armor"
  ],
  "supported_items": "#minecraft:enchantable/head_armor",
  "weight": 1
}