{
  "anvil_cost": 1,
  "description": {
    "translate": "ne.enchantments.poisoned",
    "fallback": "淬毒"
  },
  "exclusive_set": [
    "minecraft:fire_aspect",
    "nel:kemono_friends"
  ],
  "effects": {
    "post_attack": [
      {
        "affected": "victim",
        "enchanted": "attacker",
        "effect": {
          "type": "apply_mob_effect",
          "to_apply": "poison",
          "min_duration": 6,
          "max_duration": 10,
          "min_amplifier": {
            "type": "linear",
            "base": 0,
            "per_level_above_first": 1
          },
          "max_amplifier": {
            "type": "linear",
            "base": 0,
            "per_level_above_first": 1
          }
        }
      }
    ]
  },
  "max_cost": {
    "base": 63,
    "per_level_above_first": 8
  },
  "max_level": 3,
  "min_cost": {
    "base": 25,
    "per_level_above_first": 8
  },
  "slots": [
    "mainhand"
  ],
  "supported_items": "#nel:enchantable_poisoned",
  "weight": 2
}