{
  "anvil_cost": 8,
  "description": {
    "translate": "ne.enchantments.siphon",
    "fallback": "虹吸"
  },
  "effects": {
    "location_changed": [
      {
        "effect": {
          "type": "run_function",
          "function": "nel:effects/siphon/get_item"
        }
      }
    ]
  },
  "max_cost": {
    "base": 83,
    "per_level_above_first": 0
  },
  "max_level": 1,
  "min_cost": {
    "base": 33,
    "per_level_above_first": 0
  },
  "slots": [
    "mainhand"
  ],
  "supported_items": "#minecraft:enchantable/mining",
  "weight": 1
}