{
  "anvil_cost": 4,
  "description": {
    "text": "虹吸"
  },
  "effects": {
    "location_changed": [
      {
        "effect": {
          "type": "run_function",
          "function": "nel:effects/siphon/get_item"
        }
      }
    ]
  },
  "max_cost": {
    "base": 75,
    "per_level_above_first": 25
  },
  "max_level": 1,
  "min_cost": {
    "base": 25,
    "per_level_above_first": 25
  },
  "slots": [
    "mainhand"
  ],
  "supported_items": "#minecraft:enchantable/mining",
  "weight": 2
}