{
  "anvil_cost": 1,
  "description": {
    "translate": "ne.enchantments.steady",
    "fallback": "稳固"
  },
  "effects": {
    "minecraft:attributes": [
      {
        "amount": {
          "type": "linear",
          "base": 0.1,
          "per_level_above_first": 0.1
        },
        "attribute": "minecraft:knockback_resistance",
        "id": "ne:enchantment.steady",
        "operation": "add_value"
      }
    ]
  },
  "max_cost": {
    "base": 61,
    "per_level_above_first": 10
  },
  "max_level": 5,
  "min_cost": {
    "base": 11,
    "per_level_above_first": 10
  },
  "slots": [
    "armor"
  ],
  "supported_items": "#minecraft:enchantable/chest_armor",
  "weight": 1
}