{
  "anvil_cost": 4,
  "description": {
    "translate": "ne.enchantments.supercharged",
    "fallback": "蓄能箭"
  },
  "exclusive_set": "nel:wind_charged",
  "effects": {
    "damage": [
      {
        "effect": {
          "type": "multiply",
          "factor": 2
        },
        "requirements": {
          "condition": "entity_scores",
          "entity": "attacker",
          "scores": {
            "ne_effect_stack.supercharged": {
              "min": 1,
              "max": 1
            }
          }
        }
      },
      {
        "effect": {
          "type": "multiply",
          "factor": 3
        },
        "requirements": {
          "condition": "entity_scores",
          "entity": "attacker",
          "scores": {
            "ne_effect_stack.supercharged": {
              "min": 2,
              "max": 2
            }
          }
        }
      },
      {
        "effect": {
          "type": "multiply",
          "factor": 4
        },
        "requirements": {
          "condition": "entity_scores",
          "entity": "attacker",
          "scores": {
            "ne_effect_stack.supercharged": {
              "min": 3,
              "max": 3
            }
          }
        }
      },
      {
        "effect": {
          "type": "multiply",
          "factor": 5
        },
        "requirements": {
          "condition": "entity_scores",
          "entity": "attacker",
          "scores": {
            "ne_effect_stack.supercharged": {
              "min": 4,
              "max": 4
            }
          }
        }
      },
      {
        "effect": {
          "type": "multiply",
          "factor": 6
        },
        "requirements": {
          "condition": "entity_scores",
          "entity": "attacker",
          "scores": {
            "ne_effect_stack.supercharged": {
              "min": 5,
              "max": 5
            }
          }
        }
      }
    ],
    "projectile_spawned": [
      {
        "effect": {
          "type": "run_function",
          "function": "nel:effects/supercharged/bow_shoot"
        }
      }
    ]
  },
  "max_cost": {
    "base": 37,
    "per_level_above_first": 20
  },
  "max_level": 2,
  "min_cost": {
    "base": 12,
    "per_level_above_first": 20
  },
  "slots": [
    "mainhand",
    "offhand"
  ],
  "supported_items": "#minecraft:enchantable/bow",
  "weight": 2
}