{
  "anvil_cost": 1,
  "description": {
    "translate": "ne.enchantments.swift_blade",
    "fallback": "迅捷剑"
  },
  "exclusive_set": "nel:giant_sword",
  "effects": {
    "minecraft:attributes": [
      {
        "amount": {
          "type": "linear",
          "base": 0.4,
          "per_level_above_first": 0.3
        },
        "attribute": "minecraft:block_interaction_range",
        "id": "ne:enchantment.swift_blade",
        "operation": "add_value"
      }
    ]
  },
  "max_cost": {
    "base": 63,
    "per_level_above_first": 8
  },
  "max_level": 3,
  "min_cost": {
    "base": 25,
    "per_level_above_first": 8
  },
  "slots": [
    "mainhand"
  ],
  "supported_items": "#minecraft:enchantable/sword",
  "weight": 2
}