{
  "anvil_cost": 1,
  "description": {
    "translate": "ne.enchantments.timber",
    "fallback": "伐木"
  },
  "exclusive_set": [
    "minecraft:efficiency",
    "nel:polishing"
  ],
  "effects": {
    "hit_block": [
      {
        "effect": {
          "type": "all_of",
          "effects": [
            {
              "type": "summon_entity",
              "entity": "area_effect_cloud"
            },
            {
              "type": "run_function",
              "function": "nel:effects/timber/summon_indicator"
            }
          ]
        },
        "requirements": {
          "condition": "location_check",
          "predicate": {
            "block": {
              "blocks": "#logs"
            }
          }
        }
      }
    ],
    "item_damage": [
      {
        "effect": {
          "type": "add",
          "value": {
            "type": "linear",
            "base": 9,
            "per_level_above_first": 5
          }
        }
      }
    ]
  },
  "max_cost": {
    "base": 61,
    "per_level_above_first": 10
  },
  "max_level": 5,
  "min_cost": {
    "base": 11,
    "per_level_above_first": 10
  },
  "slots": [
    "mainhand"
  ],
  "supported_items": "#minecraft:axes",
  "weight": 2
}