{
  "anvil_cost": 1,
  "description": {
    "translate": "ne.enchantments.vitality",
    "fallback": "生机"
  },
  "exclusive_set": "nel:armored",
  "effects": {
    "minecraft:attributes": [
      {
        "amount": {
          "type": "linear",
          "base": 1,
          "per_level_above_first": 1
        },
        "attribute": "minecraft:max_health",
        "id": "ne:enchantment.vitality",
        "operation": "add_value"
      }
    ]
  },
  "max_cost": {
    "base": 63,
    "per_level_above_first": 8
  },
  "max_level": 3,
  "min_cost": {
    "base": 23,
    "per_level_above_first": 8
  },
  "slots": [
    "armor"
  ],
  "supported_items": "#minecraft:enchantable/armor",
  "weight": 1
}