{
    "type": "minecraft:block",
    "pools": [
        {
            "bonus_rolls": 0.0,
            "conditions": [
                {
                    "condition": "minecraft:survives_explosion"
                }
            ],
            "entries": [
                {
                    "type": "minecraft:alternatives",
                    "children": [
                        {
                            "type": "minecraft:item",
                            "conditions": [
                                {
                                    "condition": "minecraft:match_tool",
                                    "predicate": {
                                        "predicates": {
                                            "minecraft:enchantments": [
                                                {
                                                    "enchantments": "nel:smelting",
                                                    "levels": {
                                                        "min": 1
                                                    }
                                                }
                                            ]
                                        }
                                    }
                                }
                            ],
                            "name": "minecraft:green_dye"
                        },
                        {
                            "type": "minecraft:item",
                            "name": "minecraft:cactus"
                        }
                    ]
                }
            ],
            "rolls": 1.0
        }
    ],
    "random_sequence": "minecraft:blocks/cactus"
}