{
    "type": "minecraft:block",
    "pools": [
        {
            "bonus_rolls": 0.0,
            "entries": [
                {
                    "type": "minecraft:alternatives",
                    "children": [
                        {
                            "type": "minecraft:item",
                            "conditions": [
                                {
                                    "condition": "minecraft:match_tool",
                                    "predicate": {
                                        "predicates": {
                                            "minecraft:enchantments": [
                                                {
                                                    "enchantments": "nel:smelting",
                                                    "levels": {
                                                        "min": 1
                                                    }
                                                }
                                            ]
                                        }
                                    }
                                }
                            ],
                            "name": "minecraft:popped_chorus_fruit",
                            "functions": [
                                {
                                    "add": false,
                                    "count": {
                                        "type": "minecraft:uniform",
                                        "max": 1.0,
                                        "min": 0.0
                                    },
                                    "function": "minecraft:set_count"
                                },
                                {
                                    "function": "minecraft:explosion_decay"
                                }
                            ]
                        },
                        {
                            "type": "minecraft:item",
                            "functions": [
                                {
                                    "add": false,
                                    "count": {
                                        "type": "minecraft:uniform",
                                        "max": 1.0,
                                        "min": 0.0
                                    },
                                    "function": "minecraft:set_count"
                                },
                                {
                                    "function": "minecraft:explosion_decay"
                                }
                            ],
                            "name": "minecraft:chorus_fruit"
                        }
                    ]
                }
            ],
            "rolls": 1.0
        }
    ],
    "random_sequence": "minecraft:blocks/chorus_plant"
}