{
    "type": "minecraft:block",
    "pools": [
        {
            "bonus_rolls": 0.0,
            "entries": [
                {
                    "type": "minecraft:alternatives",
                    "children": [
                        {
                            "type": "minecraft:item",
                            "conditions": [
                                {
                                    "condition": "minecraft:match_tool",
                                    "predicate": {
                                        "predicates": {
                                            "minecraft:enchantments": [
                                                {
                                                    "enchantments": "nel:smelting",
                                                    "levels": {
                                                        "min": 1
                                                    }
                                                }
                                            ]
                                        }
                                    }
                                }
                            ],
                            "name": "minecraft:iron_ingot",
                            "functions": [
                                {
                                    "enchantment": "minecraft:fortune",
                                    "formula": "minecraft:ore_drops",
                                    "function": "minecraft:apply_bonus"
                                },
                                {
                                    "function": "minecraft:explosion_decay"
                                }
                            ]
                        },
                        {
                            "type": "minecraft:item",
                            "conditions": [
                                {
                                    "condition": "minecraft:match_tool",
                                    "predicate": {
                                        "predicates": {
                                            "minecraft:enchantments": [
                                                {
                                                    "enchantments": "minecraft:silk_touch",
                                                    "levels": {
                                                        "min": 1
                                                    }
                                                }
                                            ]
                                        }
                                    }
                                }
                            ],
                            "name": "minecraft:deepslate_iron_ore"
                        },
                        {
                            "type": "minecraft:item",
                            "functions": [
                                {
                                    "enchantment": "minecraft:fortune",
                                    "formula": "minecraft:ore_drops",
                                    "function": "minecraft:apply_bonus"
                                },
                                {
                                    "function": "minecraft:explosion_decay"
                                }
                            ],
                            "name": "minecraft:raw_iron"
                        }
                    ]
                }
            ],
            "rolls": 1.0
        },
        {
            "rolls": 1.0,
            "conditions": [
                {
                    "condition": "match_tool",
                    "predicate": {
                        "predicates": {
                            "minecraft:enchantments": [
                                {
                                    "enchantments": "nel:mineralogy",
                                    "levels": {
                                        "min": 1
                                    }
                                }
                            ]
                        }
                    }
                }
            ],
            "entries": [
                {
                    "type": "alternatives",
                    "children": [
                        {
                            "type": "loot_table",
                            "value": "nel:loots/mineralogy_smelting",
                            "conditions": [
                                {
                                    "condition": "minecraft:match_tool",
                                    "predicate": {
                                        "predicates": {
                                            "minecraft:enchantments": [
                                                {
                                                    "enchantments": "nel:smelting",
                                                    "levels": {
                                                        "min": 1
                                                    }
                                                }
                                            ]
                                        }
                                    }
                                }
                            ]
                        },
                        {
                            "type": "loot_table",
                            "value": "nel:loots/mineralogy"
                        }
                    ]
                }
            ]
        }
    ],
    "random_sequence": "minecraft:blocks/deepslate_iron_ore"
}