{
  "type": "minecraft:block",
  "pools": [
    {
      "bonus_rolls": 0.0,
      "entries": [
        {
          "type": "minecraft:alternatives",
          "children": [
            {
              "type": "minecraft:item",
              "conditions": [
                {
                  "condition": "minecraft:match_tool",
                  "predicate": {
                    "items": "minecraft:shears"
                  }
                }
              ],
              "name": "minecraft:short_grass"
            },
            {
              "type": "minecraft:item",
              "conditions": [
                {
                  "chance": 0.125,
                  "condition": "minecraft:random_chance"
                }
              ],
              "functions": [
                {
                  "enchantment": "minecraft:fortune",
                  "formula": "minecraft:uniform_bonus_count",
                  "function": "minecraft:apply_bonus",
                  "parameters": {
                    "bonusMultiplier": 2
                  }
                },
                {
                  "function": "minecraft:explosion_decay"
                }
              ],
              "name": "minecraft:wheat_seeds"
            }
          ]
        }
      ],
      "rolls": 1.0
    },
    {
      "rolls": 1.0,
      "conditions": [
          {
              "condition": "match_tool",
              "predicate": {
                  "predicates": {
                      "minecraft:enchantments": [
                          {
                              "enchantments": "nel:botany",
                              "levels": {
                                  "min": 1
                              }
                          }
                      ]
                  }
              }
          }
      ],
      "entries": [
        {
            "type": "loot_table",
            "value": "nel:loots/botany"
        }
      ]
    }
  ],
  "random_sequence": "minecraft:blocks/short_grass"
}