{
  "type": "minecraft:entity",
  "pools": [
    {
      "bonus_rolls": 0.0,
      "entries": [
        {
          "type": "minecraft:item",
          "functions": [
            {
              "add": false,
              "count": {
                "type": "minecraft:uniform",
                "max": 2.0,
                "min": 0.0
              },
              "function": "minecraft:set_count"
            },
            {
              "count": {
                "type": "minecraft:uniform",
                "max": 1.0,
                "min": 0.0
              },
              "enchantment": "minecraft:looting",
              "function": "minecraft:enchanted_count_increase"
            }
          ],
          "name": "minecraft:gunpowder"
        }
      ],
      "rolls": 1.0
    },
    {
      "bonus_rolls": 0.0,
      "conditions": [
        {
          "condition": "minecraft:entity_properties",
          "entity": "attacker",
          "predicate": {
            "type": "#minecraft:skeletons"
          }
        }
      ],
      "entries": [
        {
          "type": "minecraft:tag",
          "expand": true,
          "name": "minecraft:creeper_drop_music_discs"
        }
      ],
      "rolls": 1.0
    },
    {
      "bonus_rolls": 0.0,
      "entries": [
        {
          "type": "minecraft:item",
          "name": "minecraft:creeper_head",
          "weight": 5
        },
        {
          "type": "empty",
          "weight": 95
        }
      ],
      "rolls": 1.0,
      "conditions": [
        {
          "condition": "entity_properties",
          "entity": "direct_attacker",
          "predicate": {
            "equipment": {
              "mainhand": {
                "predicates": {
                  "minecraft:enchantments": [
                    {
                      "enchantments": "nel:behead"
                    }
                  ]
                }
              }
            }
          }
        }
      ]
    }
  ],
  "random_sequence": "minecraft:entities/creeper"
}