[
    {
        "function": "set_attributes",
        "replace": true,
        "modifiers": [
            {
                "id": "nel:enchantment.polishing",
                "amount": {
                    "type": "score",
                    "score": "ne",
                    "target": {
                        "type": "fixed",
                        "name": "#polishing_lvl"
                    }
                },
                "attribute": "minecraft:mining_efficiency",
                "operation": "add_value",
                "slot": "mainhand"
            }
        ]
    }
]
